id,title,filename,mime,width,height,alt,caption,url
7,Vault-Logo,Vault-Logo.webp,image/webp,296,80,,,https://www.inzovumall.com/wp-content/uploads/2024/04/Vault-Logo.webp
8,Vault-Logo-2,Vault-Logo-2.webp,image/webp,296,80,,,https://www.inzovumall.com/wp-content/uploads/2024/04/Vault-Logo-2.webp
9,Vault-Favicon,Vault-Favicon.png,image/png,196,196,,,https://www.inzovumall.com/wp-content/uploads/2024/04/Vault-Favicon.png
10,Business-Hero-Image,Business-Hero-Image.webp,image/webp,1920,1200,,,https://www.inzovumall.com/wp-content/uploads/2024/04/Business-Hero-Image.webp
11,Business-logo-1,Business-logo-1.webp,image/webp,421,87,,,https://www.inzovumall.com/wp-content/uploads/2024/04/Business-logo-1.webp
12,Business-logo-2,Business-logo-2.webp,image/webp,321,71,,,https://www.inzovumall.com/wp-content/uploads/2024/04/Business-logo-2.webp
13,Business-logo-3,Business-logo-3.webp,image/webp,356,75,,,https://www.inzovumall.com/wp-content/uploads/2024/04/Business-logo-3.webp
14,Business-logo-4,Business-logo-4.webp,image/webp,289,60,,,https://www.inzovumall.com/wp-content/uploads/2024/04/Business-logo-4.webp
15,Business-logo-5,Business-logo-5.webp,image/webp,544,78,,,https://www.inzovumall.com/wp-content/uploads/2024/04/Business-logo-5.webp
16,Business-logo-6,Business-logo-6.webp,image/webp,233,65,,,https://www.inzovumall.com/wp-content/uploads/2024/04/Business-logo-6.webp
17,Business-logo-7,Business-logo-7.webp,image/webp,308,78,,,https://www.inzovumall.com/wp-content/uploads/2024/04/Business-logo-7.webp
18,Business-logo-8,Business-logo-8.webp,image/webp,324,78,,,https://www.inzovumall.com/wp-content/uploads/2024/04/Business-logo-8.webp
19,Business-CEO,Business-CEO.webp,image/webp,250,250,,,https://www.inzovumall.com/wp-content/uploads/2024/04/Business-CEO.webp
20,Business-Help-Image,Business-Help-Image.webp,image/webp,1920,1050,,,https://www.inzovumall.com/wp-content/uploads/2024/04/Business-Help-Image.webp
21,Business-Possible-Image,Business-Possible-Image.webp,image/webp,984,984,,,https://www.inzovumall.com/wp-content/uploads/2024/04/Business-Possible-Image.webp
22,Business-testimonial-1,Business-testimonial-1.webp,image/webp,128,128,,,https://www.inzovumall.com/wp-content/uploads/2024/04/Business-testimonial-1.webp
23,Business-testimonial-2,Business-testimonial-2.webp,image/webp,128,128,,,https://www.inzovumall.com/wp-content/uploads/2024/04/Business-testimonial-2.webp
24,Business-testimonial-3,Business-testimonial-3.webp,image/webp,344,344,,,https://www.inzovumall.com/wp-content/uploads/2024/04/Business-testimonial-3.webp
25,Business-testimonial-4,Business-testimonial-4.webp,image/webp,250,250,,,https://www.inzovumall.com/wp-content/uploads/2024/04/Business-testimonial-4.webp
26,Business-testimonial-5,Business-testimonial-5.webp,image/webp,250,250,,,https://www.inzovumall.com/wp-content/uploads/2024/04/Business-testimonial-5.webp
27,Business-CTA-Image,Business-CTA-Image.webp,image/webp,1920,634,,,https://www.inzovumall.com/wp-content/uploads/2024/04/Business-CTA-Image.webp
35,Logo-InzovuMall,Logo-InzovuMall.png,image/png,176,64,,,https://www.inzovumall.com/wp-content/uploads/2024/04/Logo-InzovuMall.png
36,fav,fav.png,image/png,85,85,,,https://www.inzovumall.com/wp-content/uploads/2024/04/fav.png
37,GeneralSans-Medium,,application/x-font-ttf,,,,<p>GeneralSans-Medium</p> ,https://www.inzovumall.com/wp-content/uploads/2024/04/GeneralSans-Medium.ttf
38,GeneralSans-Regular,,application/x-font-ttf,,,,<p>GeneralSans-Regular</p> ,https://www.inzovumall.com/wp-content/uploads/2024/04/GeneralSans-Regular.ttf
39,GeneralSans-Semibold,,application/x-font-ttf,,,,<p>GeneralSans-Semibold</p> ,https://www.inzovumall.com/wp-content/uploads/2024/04/GeneralSans-Semibold.ttf
58,header-home,header-home.jpg,image/jpeg,2000,903,,,https://www.inzovumall.com/wp-content/uploads/2024/04/header-home.jpg
80,bgblack1,bgblack1.jpg,image/jpeg,2000,807,,,https://www.inzovumall.com/wp-content/uploads/2024/04/bgblack1.jpg
93,pro1,pro1.jpg,image/jpeg,320,572,,,https://www.inzovumall.com/wp-content/uploads/2024/04/pro1.jpg
94,pro2,pro2.jpg,image/jpeg,331,567,,,https://www.inzovumall.com/wp-content/uploads/2024/04/pro2.jpg
95,pro3,pro3.jpg,image/jpeg,333,558,,,https://www.inzovumall.com/wp-content/uploads/2024/04/pro3.jpg
96,pro4,pro4.jpg,image/jpeg,330,563,,,https://www.inzovumall.com/wp-content/uploads/2024/04/pro4.jpg
97,pro5,pro5.jpg,image/jpeg,333,561,,,https://www.inzovumall.com/wp-content/uploads/2024/04/pro5.jpg
98,pro6,pro6.jpg,image/jpeg,330,563,,,https://www.inzovumall.com/wp-content/uploads/2024/04/pro6.jpg
212,logo-but,logo-but.jpg,image/jpeg,97,94,,,https://www.inzovumall.com/wp-content/uploads/2024/04/logo-but.jpg
213,logo-intermarche,logo-intermarche.jpg,image/jpeg,301,94,,,https://www.inzovumall.com/wp-content/uploads/2024/04/logo-intermarche.jpg
214,logo-odalys,logo-odalys.jpg,image/jpeg,234,94,,,https://www.inzovumall.com/wp-content/uploads/2024/04/logo-odalys.jpg
222,bgblack2,bgblack2.jpg,image/jpeg,2000,660,,,https://www.inzovumall.com/wp-content/uploads/2024/04/bgblack2.jpg
235,Inzovu Mall_Animation,,video/mp4,1280,720,,<p>https://www.inzovumall.com/wp-content/uploads/2024/04/Inzovu-Mall_Animation.mp4</p> ,https://www.inzovumall.com/wp-content/uploads/2024/04/Inzovu-Mall_Animation.mp4
297,InzovuMall-footer,InzovuMall-footer.png,image/png,122,45,,,https://www.inzovumall.com/wp-content/uploads/2022/08/InzovuMall-footer.png
353,header-projet,header-projet.jpg,image/jpeg,2000,476,,,https://www.inzovumall.com/wp-content/uploads/2024/04/header-projet.jpg
364,projet1,projet1.jpg,image/jpeg,1300,731,,,https://www.inzovumall.com/wp-content/uploads/2024/04/projet1.jpg
365,projet2,projet2.jpg,image/jpeg,1300,731,,,https://www.inzovumall.com/wp-content/uploads/2024/04/projet2.jpg
366,projet3,projet3.jpg,image/jpeg,1300,731,,,https://www.inzovumall.com/wp-content/uploads/2024/04/projet3.jpg
367,projet4,projet4.jpg,image/jpeg,1300,731,,,https://www.inzovumall.com/wp-content/uploads/2024/04/projet4.jpg
368,projet5,projet5.jpg,image/jpeg,1300,731,,,https://www.inzovumall.com/wp-content/uploads/2024/04/projet5.jpg
369,projet6,projet6.jpg,image/jpeg,1300,731,,,https://www.inzovumall.com/wp-content/uploads/2024/04/projet6.jpg
370,projet7,projet7.jpg,image/jpeg,1300,731,,,https://www.inzovumall.com/wp-content/uploads/2024/04/projet7.jpg
371,projet8,projet8.jpg,image/jpeg,1300,731,,,https://www.inzovumall.com/wp-content/uploads/2024/04/projet8.jpg
372,projet9,projet9.jpg,image/jpeg,1300,731,,,https://www.inzovumall.com/wp-content/uploads/2024/04/projet9.jpg
373,projet10,projet10.jpg,image/jpeg,1300,731,,,https://www.inzovumall.com/wp-content/uploads/2024/04/projet10.jpg
432,header-commerces,header-commerces.jpg,image/jpeg,2000,475,,,https://www.inzovumall.com/wp-content/uploads/2024/04/header-commerces.jpg
450,header-affaires,header-affaires.jpg,image/jpeg,2000,475,,,https://www.inzovumall.com/wp-content/uploads/2024/04/header-affaires.jpg
462,header-restauration,header-restauration.jpg,image/jpeg,2000,475,,,https://www.inzovumall.com/wp-content/uploads/2024/04/header-restauration.jpg
474,header-loisirs,header-loisirs.jpg,image/jpeg,2000,475,,,https://www.inzovumall.com/wp-content/uploads/2024/04/header-loisirs.jpg
480,header-tourisme,header-tourisme.jpg,image/jpeg,2000,475,,,https://www.inzovumall.com/wp-content/uploads/2024/04/header-tourisme.jpg
531,access,access.jpg,image/jpeg,470,611,,,https://www.inzovumall.com/wp-content/uploads/2024/04/access.jpg
539,ico1,ico1.jpg,image/jpeg,84,63,,,https://www.inzovumall.com/wp-content/uploads/2024/04/ico1.jpg
540,ico2,ico2.jpg,image/jpeg,84,63,,,https://www.inzovumall.com/wp-content/uploads/2024/04/ico2.jpg
541,ico3,ico3.jpg,image/jpeg,84,67,,,https://www.inzovumall.com/wp-content/uploads/2024/04/ico3.jpg
542,ico4,ico4.jpg,image/jpeg,84,67,,,https://www.inzovumall.com/wp-content/uploads/2024/04/ico4.jpg
564,header-acces,header-acces.jpg,image/jpeg,2000,477,,,https://www.inzovumall.com/wp-content/uploads/2024/04/header-acces.jpg
602,p1,p1.jpg,image/jpeg,1300,730,,,https://www.inzovumall.com/wp-content/uploads/2024/04/p1.jpg
603,p2,p2.jpg,image/jpeg,1300,730,,,https://www.inzovumall.com/wp-content/uploads/2024/04/p2.jpg
604,p3,p3.jpg,image/jpeg,1300,730,,,https://www.inzovumall.com/wp-content/uploads/2024/04/p3.jpg
605,p4,p4.jpg,image/jpeg,1300,730,,,https://www.inzovumall.com/wp-content/uploads/2024/04/p4.jpg
606,p5,p5.jpg,image/jpeg,1300,730,,,https://www.inzovumall.com/wp-content/uploads/2024/04/p5.jpg
607,p6,p6.jpg,image/jpeg,1300,730,,,https://www.inzovumall.com/wp-content/uploads/2024/04/p6.jpg
608,p7,p7.jpg,image/jpeg,1300,730,,,https://www.inzovumall.com/wp-content/uploads/2024/04/p7.jpg
609,p8,p8.jpg,image/jpeg,1300,730,,,https://www.inzovumall.com/wp-content/uploads/2024/04/p8.jpg
610,p9,p9.jpg,image/jpeg,1300,730,,,https://www.inzovumall.com/wp-content/uploads/2024/04/p9.jpg
611,p10,p10.jpg,image/jpeg,1300,730,,,https://www.inzovumall.com/wp-content/uploads/2024/04/p10.jpg
612,p11,p11.jpg,image/jpeg,1300,730,,,https://www.inzovumall.com/wp-content/uploads/2024/04/p11.jpg
613,p12,p12.jpg,image/jpeg,1300,730,,,https://www.inzovumall.com/wp-content/uploads/2024/04/p12.jpg
614,p13,p13.jpg,image/jpeg,1300,730,,,https://www.inzovumall.com/wp-content/uploads/2024/04/p13.jpg
665,chantier1,chantier1.jpg,image/jpeg,1300,650,,,https://www.inzovumall.com/wp-content/uploads/2024/05/chantier1.jpg
666,chantier2,chantier2.jpg,image/jpeg,1300,650,,,https://www.inzovumall.com/wp-content/uploads/2024/05/chantier2.jpg
667,chantier3,chantier3.jpg,image/jpeg,1300,650,,,https://www.inzovumall.com/wp-content/uploads/2024/05/chantier3.jpg
668,chantier4,chantier4.jpg,image/jpeg,1300,650,,,https://www.inzovumall.com/wp-content/uploads/2024/05/chantier4.jpg
966,GeneralSans-Regular,,application/x-font-ttf,,,,<p>GeneralSans-Regular</p> ,https://www.inzovumall.com/wp-content/uploads/2024/05/GeneralSans-Regular.ttf
968,GeneralSans-Medium,,application/x-font-ttf,,,,<p>GeneralSans-Medium</p> ,https://www.inzovumall.com/wp-content/uploads/2024/05/GeneralSans-Medium.ttf
970,GeneralSans-Regular,,application/x-font-ttf,,,,<p>GeneralSans-Regular</p> ,https://www.inzovumall.com/wp-content/uploads/2024/05/GeneralSans-Regular-1.ttf
972,GeneralSans-Medium,,application/x-font-ttf,,,,<p>GeneralSans-Medium</p> ,https://www.inzovumall.com/wp-content/uploads/2024/05/GeneralSans-Medium-1.ttf
974,GeneralSans-Semibold,,application/x-font-ttf,,,,<p>GeneralSans-Semibold</p> ,https://www.inzovumall.com/wp-content/uploads/2024/05/GeneralSans-Semibold.ttf
1178,placeholder.png,placeholder.png,image/png,1200,800,,,https://www.inzovumall.com/wp-content/uploads/2024/08/placeholder.png
1180,sama.jpg,sama.jpg,image/jpeg,185,122,,,https://www.inzovumall.com/wp-content/uploads/2024/08/sama.jpg
1182,placeholder.png,placeholder-1.png,image/png,1200,800,,,https://www.inzovumall.com/wp-content/uploads/2024/08/placeholder-1.png
1184,saintpaul.jpg,saintpaul.jpg,image/jpeg,185,122,,,https://www.inzovumall.com/wp-content/uploads/2024/08/saintpaul.jpg
1186,placeholder.png,placeholder-2.png,image/png,1200,800,,,https://www.inzovumall.com/wp-content/uploads/2024/08/placeholder-2.png
1188,riviera.jpg,riviera.jpg,image/jpeg,185,122,,,https://www.inzovumall.com/wp-content/uploads/2024/08/riviera.jpg
1190,placeholder.png,placeholder-3.png,image/png,1200,800,,,https://www.inzovumall.com/wp-content/uploads/2024/08/placeholder-3.png
1192,sadi.jpg,sadi.jpg,image/jpeg,185,122,,,https://www.inzovumall.com/wp-content/uploads/2024/08/sadi.jpg
1194,placeholder.png,placeholder-4.png,image/png,1200,800,,,https://www.inzovumall.com/wp-content/uploads/2024/08/placeholder-4.png
1196,lome.jpg,lome.jpg,image/jpeg,185,131,,,https://www.inzovumall.com/wp-content/uploads/2024/08/lome.jpg
1198,placeholder.png,placeholder-5.png,image/png,1200,800,,,https://www.inzovumall.com/wp-content/uploads/2024/08/placeholder-5.png
1200,invozu.jpg,invozu.jpg,image/jpeg,185,122,,,https://www.inzovumall.com/wp-content/uploads/2024/08/invozu.jpg
1202,placeholder.png,placeholder-6.png,image/png,1200,800,,,https://www.inzovumall.com/wp-content/uploads/2024/08/placeholder-6.png
1204,placeholder.png,placeholder-7.png,image/png,1200,800,,,https://www.inzovumall.com/wp-content/uploads/2024/08/placeholder-7.png
1206,placeholder.png,placeholder-8.png,image/png,1200,800,,,https://www.inzovumall.com/wp-content/uploads/2024/08/placeholder-8.png
1208,placeholder.png,placeholder-9.png,image/png,1200,800,,,https://www.inzovumall.com/wp-content/uploads/2024/08/placeholder-9.png
1210,placeholder.png,placeholder-10.png,image/png,1200,800,,,https://www.inzovumall.com/wp-content/uploads/2024/08/placeholder-10.png
1212,placeholder.png,placeholder-11.png,image/png,1200,800,,,https://www.inzovumall.com/wp-content/uploads/2024/08/placeholder-11.png
1214,placeholder.png,placeholder-12.png,image/png,1200,800,,,https://www.inzovumall.com/wp-content/uploads/2024/08/placeholder-12.png
1216,placeholder.png,placeholder-13.png,image/png,1200,800,,,https://www.inzovumall.com/wp-content/uploads/2024/08/placeholder-13.png
1218,placeholder.png,placeholder-14.png,image/png,1200,800,,,https://www.inzovumall.com/wp-content/uploads/2024/08/placeholder-14.png
1220,placeholder.png,placeholder-15.png,image/png,1200,800,,,https://www.inzovumall.com/wp-content/uploads/2024/08/placeholder-15.png
1222,placeholder.png,placeholder-16.png,image/png,1200,800,,,https://www.inzovumall.com/wp-content/uploads/2024/08/placeholder-16.png
1225,placeholder.png,placeholder-17.png,image/png,1200,800,,,https://www.inzovumall.com/wp-content/uploads/2024/08/placeholder-17.png
1227,placeholder.png,placeholder-18.png,image/png,1200,800,,,https://www.inzovumall.com/wp-content/uploads/2024/08/placeholder-18.png
1229,placeholder.png,placeholder-19.png,image/png,1200,800,,,https://www.inzovumall.com/wp-content/uploads/2024/08/placeholder-19.png
1231,placeholder.png,placeholder-20.png,image/png,1200,800,,,https://www.inzovumall.com/wp-content/uploads/2024/08/placeholder-20.png
1233,placeholder.png,placeholder-21.png,image/png,1200,800,,,https://www.inzovumall.com/wp-content/uploads/2024/08/placeholder-21.png
1235,placeholder.png,placeholder-22.png,image/png,1200,800,,,https://www.inzovumall.com/wp-content/uploads/2024/08/placeholder-22.png
1237,placeholder.png,placeholder-23.png,image/png,1200,800,,,https://www.inzovumall.com/wp-content/uploads/2024/08/placeholder-23.png
1239,placeholder.png,placeholder-24.png,image/png,1200,800,,,https://www.inzovumall.com/wp-content/uploads/2024/08/placeholder-24.png
1241,placeholder.png,placeholder-25.png,image/png,1200,800,,,https://www.inzovumall.com/wp-content/uploads/2024/08/placeholder-25.png
1243,placeholder.png,placeholder-26.png,image/png,1200,800,,,https://www.inzovumall.com/wp-content/uploads/2024/08/placeholder-26.png
1245,placeholder.png,placeholder-27.png,image/png,1200,800,,,https://www.inzovumall.com/wp-content/uploads/2024/08/placeholder-27.png
1247,placeholder.png,placeholder-28.png,image/png,1200,800,,,https://www.inzovumall.com/wp-content/uploads/2024/08/placeholder-28.png
1249,placeholder.png,placeholder-29.png,image/png,1200,800,,,https://www.inzovumall.com/wp-content/uploads/2024/08/placeholder-29.png
1251,placeholder.png,placeholder-30.png,image/png,1200,800,,,https://www.inzovumall.com/wp-content/uploads/2024/08/placeholder-30.png
1253,placeholder.png,placeholder-31.png,image/png,1200,800,,,https://www.inzovumall.com/wp-content/uploads/2024/08/placeholder-31.png
1255,placeholder.png,placeholder-32.png,image/png,1200,800,,,https://www.inzovumall.com/wp-content/uploads/2024/08/placeholder-32.png
1257,placeholder.png,placeholder-33.png,image/png,1200,800,,,https://www.inzovumall.com/wp-content/uploads/2024/08/placeholder-33.png
1259,placeholder.png,placeholder-34.png,image/png,1200,800,,,https://www.inzovumall.com/wp-content/uploads/2024/08/placeholder-34.png
1261,placeholder.png,placeholder-35.png,image/png,1200,800,,,https://www.inzovumall.com/wp-content/uploads/2024/08/placeholder-35.png
1263,placeholder.png,placeholder-36.png,image/png,1200,800,,,https://www.inzovumall.com/wp-content/uploads/2024/08/placeholder-36.png
1265,placeholder.png,placeholder-37.png,image/png,1200,800,,,https://www.inzovumall.com/wp-content/uploads/2024/08/placeholder-37.png
1267,placeholder.png,placeholder-38.png,image/png,1200,800,,,https://www.inzovumall.com/wp-content/uploads/2024/08/placeholder-38.png
1269,placeholder.png,placeholder-39.png,image/png,1200,800,,,https://www.inzovumall.com/wp-content/uploads/2024/08/placeholder-39.png
1271,placeholder.png,placeholder-40.png,image/png,1200,800,,,https://www.inzovumall.com/wp-content/uploads/2024/08/placeholder-40.png
1273,placeholder.png,placeholder-41.png,image/png,1200,800,,,https://www.inzovumall.com/wp-content/uploads/2024/08/placeholder-41.png
1275,placeholder.png,placeholder-42.png,image/png,1200,800,,,https://www.inzovumall.com/wp-content/uploads/2024/08/placeholder-42.png
1277,placeholder.png,placeholder-43.png,image/png,1200,800,,,https://www.inzovumall.com/wp-content/uploads/2024/08/placeholder-43.png
1279,placeholder.png,placeholder-44.png,image/png,1200,800,,,https://www.inzovumall.com/wp-content/uploads/2024/08/placeholder-44.png
1281,placeholder.png,placeholder-45.png,image/png,1200,800,,,https://www.inzovumall.com/wp-content/uploads/2024/08/placeholder-45.png
1283,placeholder.png,placeholder-46.png,image/png,1200,800,,,https://www.inzovumall.com/wp-content/uploads/2024/08/placeholder-46.png
1285,placeholder.png,placeholder-47.png,image/png,1200,800,,,https://www.inzovumall.com/wp-content/uploads/2024/08/placeholder-47.png
1287,placeholder.png,placeholder-48.png,image/png,1200,800,,,https://www.inzovumall.com/wp-content/uploads/2024/08/placeholder-48.png
1289,placeholder.png,placeholder-49.png,image/png,1200,800,,,https://www.inzovumall.com/wp-content/uploads/2024/08/placeholder-49.png
1291,placeholder.png,placeholder-50.png,image/png,1200,800,,,https://www.inzovumall.com/wp-content/uploads/2024/08/placeholder-50.png
1293,placeholder.png,placeholder-51.png,image/png,1200,800,,,https://www.inzovumall.com/wp-content/uploads/2024/08/placeholder-51.png
1295,placeholder.png,placeholder-52.png,image/png,1200,800,,,https://www.inzovumall.com/wp-content/uploads/2024/08/placeholder-52.png
1297,placeholder.png,placeholder-53.png,image/png,1200,800,,,https://www.inzovumall.com/wp-content/uploads/2024/08/placeholder-53.png
1299,placeholder.png,placeholder-54.png,image/png,1200,800,,,https://www.inzovumall.com/wp-content/uploads/2024/08/placeholder-54.png
1301,placeholder.png,placeholder-55.png,image/png,1200,800,,,https://www.inzovumall.com/wp-content/uploads/2024/08/placeholder-55.png
1303,placeholder.png,placeholder-56.png,image/png,1200,800,,,https://www.inzovumall.com/wp-content/uploads/2024/08/placeholder-56.png
1305,placeholder.png,placeholder-57.png,image/png,1200,800,,,https://www.inzovumall.com/wp-content/uploads/2024/08/placeholder-57.png
1307,placeholder.png,placeholder-58.png,image/png,1200,800,,,https://www.inzovumall.com/wp-content/uploads/2024/08/placeholder-58.png
1309,placeholder.png,placeholder-59.png,image/png,1200,800,,,https://www.inzovumall.com/wp-content/uploads/2024/08/placeholder-59.png
1311,placeholder.png,placeholder-60.png,image/png,1200,800,,,https://www.inzovumall.com/wp-content/uploads/2024/08/placeholder-60.png
1313,placeholder.png,placeholder-61.png,image/png,1200,800,,,https://www.inzovumall.com/wp-content/uploads/2024/08/placeholder-61.png
1315,placeholder.png,placeholder-62.png,image/png,1200,800,,,https://www.inzovumall.com/wp-content/uploads/2024/08/placeholder-62.png
1317,placeholder.png,placeholder-63.png,image/png,1200,800,,,https://www.inzovumall.com/wp-content/uploads/2024/08/placeholder-63.png
1319,placeholder.png,placeholder-64.png,image/png,1200,800,,,https://www.inzovumall.com/wp-content/uploads/2024/08/placeholder-64.png
1321,placeholder.png,placeholder-65.png,image/png,1200,800,,,https://www.inzovumall.com/wp-content/uploads/2024/08/placeholder-65.png
1323,placeholder.png,placeholder-66.png,image/png,1200,800,,,https://www.inzovumall.com/wp-content/uploads/2024/08/placeholder-66.png
1325,placeholder.png,placeholder-67.png,image/png,1200,800,,,https://www.inzovumall.com/wp-content/uploads/2024/08/placeholder-67.png
1327,placeholder.png,placeholder-68.png,image/png,1200,800,,,https://www.inzovumall.com/wp-content/uploads/2024/08/placeholder-68.png
1329,placeholder.png,placeholder-69.png,image/png,1200,800,,,https://www.inzovumall.com/wp-content/uploads/2024/08/placeholder-69.png
1331,placeholder.png,placeholder-70.png,image/png,1200,800,,,https://www.inzovumall.com/wp-content/uploads/2024/08/placeholder-70.png
1333,placeholder.png,placeholder-71.png,image/png,1200,800,,,https://www.inzovumall.com/wp-content/uploads/2024/08/placeholder-71.png
1335,placeholder.png,placeholder-72.png,image/png,1200,800,,,https://www.inzovumall.com/wp-content/uploads/2024/08/placeholder-72.png
1337,placeholder.png,placeholder-73.png,image/png,1200,800,,,https://www.inzovumall.com/wp-content/uploads/2024/08/placeholder-73.png
1339,placeholder.png,placeholder-74.png,image/png,1200,800,,,https://www.inzovumall.com/wp-content/uploads/2024/08/placeholder-74.png
1341,placeholder.png,placeholder-75.png,image/png,1200,800,,,https://www.inzovumall.com/wp-content/uploads/2024/08/placeholder-75.png
1343,placeholder.png,placeholder-76.png,image/png,1200,800,,,https://www.inzovumall.com/wp-content/uploads/2024/08/placeholder-76.png
1345,placeholder.png,placeholder-77.png,image/png,1200,800,,,https://www.inzovumall.com/wp-content/uploads/2024/08/placeholder-77.png
1347,placeholder.png,placeholder-78.png,image/png,1200,800,,,https://www.inzovumall.com/wp-content/uploads/2024/08/placeholder-78.png
1349,placeholder.png,placeholder-79.png,image/png,1200,800,,,https://www.inzovumall.com/wp-content/uploads/2024/08/placeholder-79.png
1351,placeholder.png,placeholder-80.png,image/png,1200,800,,,https://www.inzovumall.com/wp-content/uploads/2024/08/placeholder-80.png
1353,placeholder.png,placeholder-81.png,image/png,1200,800,,,https://www.inzovumall.com/wp-content/uploads/2024/08/placeholder-81.png
1355,placeholder.png,placeholder-82.png,image/png,1200,800,,,https://www.inzovumall.com/wp-content/uploads/2024/08/placeholder-82.png
1357,placeholder.png,placeholder-83.png,image/png,1200,800,,,https://www.inzovumall.com/wp-content/uploads/2024/08/placeholder-83.png
1359,placeholder.png,placeholder-84.png,image/png,1200,800,,,https://www.inzovumall.com/wp-content/uploads/2024/08/placeholder-84.png
1361,placeholder.png,placeholder-85.png,image/png,1200,800,,,https://www.inzovumall.com/wp-content/uploads/2024/08/placeholder-85.png
1363,placeholder.png,placeholder-86.png,image/png,1200,800,,,https://www.inzovumall.com/wp-content/uploads/2024/08/placeholder-86.png
1365,placeholder.png,placeholder-87.png,image/png,1200,800,,,https://www.inzovumall.com/wp-content/uploads/2024/08/placeholder-87.png
1367,placeholder.png,placeholder-88.png,image/png,1200,800,,,https://www.inzovumall.com/wp-content/uploads/2024/08/placeholder-88.png
1369,placeholder.png,placeholder-89.png,image/png,1200,800,,,https://www.inzovumall.com/wp-content/uploads/2024/08/placeholder-89.png
1371,placeholder.png,placeholder-90.png,image/png,1200,800,,,https://www.inzovumall.com/wp-content/uploads/2024/08/placeholder-90.png
1373,placeholder.png,placeholder-91.png,image/png,1200,800,,,https://www.inzovumall.com/wp-content/uploads/2024/08/placeholder-91.png
1375,placeholder.png,placeholder-92.png,image/png,1200,800,,,https://www.inzovumall.com/wp-content/uploads/2024/08/placeholder-92.png
1377,placeholder.png,placeholder-93.png,image/png,1200,800,,,https://www.inzovumall.com/wp-content/uploads/2024/08/placeholder-93.png
1379,placeholder.png,placeholder-94.png,image/png,1200,800,,,https://www.inzovumall.com/wp-content/uploads/2024/08/placeholder-94.png
1381,placeholder.png,placeholder-95.png,image/png,1200,800,,,https://www.inzovumall.com/wp-content/uploads/2024/08/placeholder-95.png
1383,placeholder.png,placeholder-96.png,image/png,1200,800,,,https://www.inzovumall.com/wp-content/uploads/2024/08/placeholder-96.png
1385,placeholder.png,placeholder-97.png,image/png,1200,800,,,https://www.inzovumall.com/wp-content/uploads/2024/08/placeholder-97.png
1397,InzovuMall-footer,InzovuMall-footer.png,image/png,122,45,,,https://www.inzovumall.com/wp-content/uploads/2025/03/InzovuMall-footer.png
1399,fav,fav.png,image/png,85,85,,,https://www.inzovumall.com/wp-content/uploads/2025/03/fav.png
1401,header-acces,header-acces.jpg,image/jpeg,2000,477,,,https://www.inzovumall.com/wp-content/uploads/2025/03/header-acces.jpg
1403,header-affaires,header-affaires.jpg,image/jpeg,2000,475,,,https://www.inzovumall.com/wp-content/uploads/2025/03/header-affaires.jpg
1405,header-commerces,header-commerces.jpg,image/jpeg,2000,475,,,https://www.inzovumall.com/wp-content/uploads/2025/03/header-commerces.jpg
1407,header-home,header-home.jpg,image/jpeg,2000,903,,,https://www.inzovumall.com/wp-content/uploads/2025/03/header-home.jpg
1409,header-loisirs,header-loisirs.jpg,image/jpeg,2000,475,,,https://www.inzovumall.com/wp-content/uploads/2025/03/header-loisirs.jpg
1411,header-projet,header-projet.jpg,image/jpeg,2000,476,,,https://www.inzovumall.com/wp-content/uploads/2025/03/header-projet.jpg
1413,header-restauration,header-restauration.jpg,image/jpeg,2000,475,,,https://www.inzovumall.com/wp-content/uploads/2025/03/header-restauration.jpg
1415,header-tourisme,header-tourisme.jpg,image/jpeg,2000,475,,,https://www.inzovumall.com/wp-content/uploads/2025/03/header-tourisme.jpg
1499,01,01.jpg,image/jpeg,213,35,,,https://www.inzovumall.com/wp-content/uploads/2025/12/01.jpg
1501,02,02.jpg,image/jpeg,278,39,,,https://www.inzovumall.com/wp-content/uploads/2025/12/02.jpg
1503,03,03.jpg,image/jpeg,236,63,,,https://www.inzovumall.com/wp-content/uploads/2025/12/03.jpg
1505,04,04.jpg,image/jpeg,197,69,,,https://www.inzovumall.com/wp-content/uploads/2025/12/04.jpg
1507,05,05.jpg,image/jpeg,166,83,,,https://www.inzovumall.com/wp-content/uploads/2025/12/05.jpg
1509,06,06.jpg,image/jpeg,218,107,,,https://www.inzovumall.com/wp-content/uploads/2025/12/06.jpg
1511,07,07.jpg,image/jpeg,228,43,,,https://www.inzovumall.com/wp-content/uploads/2025/12/07.jpg
1513,08,08.jpg,image/jpeg,176,74,,,https://www.inzovumall.com/wp-content/uploads/2025/12/08.jpg
1649,Logo Inzovu,Logo-Inzovu.svg,image/svg+xml,431,158,,,https://www.inzovumall.com/wp-content/uploads/2026/05/Logo-Inzovu.svg
1711,projet1,projet1.jpg,image/jpeg,1300,731,,,https://www.inzovumall.com/wp-content/uploads/2026/05/projet1.jpg
1713,projet2,projet2.jpg,image/jpeg,1300,731,,,https://www.inzovumall.com/wp-content/uploads/2026/05/projet2.jpg
1715,projet3,projet3.jpg,image/jpeg,1300,731,,,https://www.inzovumall.com/wp-content/uploads/2026/05/projet3.jpg
1717,projet4,projet4.jpg,image/jpeg,1300,731,,,https://www.inzovumall.com/wp-content/uploads/2026/05/projet4.jpg
1719,projet5,projet5.jpg,image/jpeg,1300,731,,,https://www.inzovumall.com/wp-content/uploads/2026/05/projet5.jpg
1721,projet6,projet6.jpg,image/jpeg,1300,732,,,https://www.inzovumall.com/wp-content/uploads/2026/05/projet6.jpg
1737,Invozu,,video/mp4,1920,1080,,<p>https://www.inzovumall.com/wp-content/uploads/2026/05/Invozu.mp4</p> ,https://www.inzovumall.com/wp-content/uploads/2026/05/Invozu.mp4
1745,commerces1,commerces1.jpg,image/jpeg,1300,731,,,https://www.inzovumall.com/wp-content/uploads/2026/05/commerces1.jpg
1747,commerces2,commerces2.jpg,image/jpeg,1300,731,,,https://www.inzovumall.com/wp-content/uploads/2026/05/commerces2.jpg
1749,commerces3,commerces3.jpg,image/jpeg,1300,730,,,https://www.inzovumall.com/wp-content/uploads/2026/05/commerces3.jpg
1757,affaires1,affaires1.jpg,image/jpeg,1300,731,,,https://www.inzovumall.com/wp-content/uploads/2026/05/affaires1.jpg
1759,affaires2,affaires2.jpg,image/jpeg,1300,731,,,https://www.inzovumall.com/wp-content/uploads/2026/05/affaires2.jpg
1761,affaires3,affaires3.jpg,image/jpeg,1300,731,,,https://www.inzovumall.com/wp-content/uploads/2026/05/affaires3.jpg
1763,affaires4,affaires4.jpg,image/jpeg,1300,731,,,https://www.inzovumall.com/wp-content/uploads/2026/05/affaires4.jpg
1765,affaires5,affaires5.jpg,image/jpeg,1300,731,,,https://www.inzovumall.com/wp-content/uploads/2026/05/affaires5.jpg
1767,affaires6,affaires6.jpg,image/jpeg,1300,732,,,https://www.inzovumall.com/wp-content/uploads/2026/05/affaires6.jpg
1776,restauration1,restauration1.jpg,image/jpeg,1300,730,,,https://www.inzovumall.com/wp-content/uploads/2026/05/restauration1.jpg
1778,restauration2,restauration2.jpg,image/jpeg,1300,730,,,https://www.inzovumall.com/wp-content/uploads/2026/05/restauration2.jpg
1780,restauration3,restauration3.jpg,image/jpeg,1300,732,,,https://www.inzovumall.com/wp-content/uploads/2026/05/restauration3.jpg
1794,hotal1,hotal1.jpg,image/jpeg,853,636,,,https://www.inzovumall.com/wp-content/uploads/2026/05/hotal1.jpg
1796,hotel2,hotel2.jpg,image/jpeg,853,636,,,https://www.inzovumall.com/wp-content/uploads/2026/05/hotel2.jpg
